Lean_File,Route_Category,Primary_Purpose,Estimated_Declarations,Verification_Status,Mathematical_Area
AnalyticDebts.lean,Supporting Theory,Theoretical foundation,1-3,✓ Lean-verified,General
Asymptotic.lean,Supporting Theory,Theoretical foundation,1-3,✓ Lean-verified,Asymptotics
AsymptoticEnergy.lean,Supporting Theory,Asymptotic bounds,1-3,✓ Lean-verified,Asymptotics
Audit.lean,Supporting Theory,Verification/Checking,1-3,✓ Lean-verified,General
BBLSAutocorrelation.lean,Supporting Theory,Theoretical foundation,1-3,✓ Lean-verified,General
BBLSPhiOne.lean,Supporting Theory,Theoretical foundation,1-3,✓ Lean-verified,General
BCFDeletedRectangleAssembly.lean,Supporting Theory,Theoretical foundation,1-3,✓ Lean-verified,General
BCFLogTaper.lean,Bettin-Conrey-Farmer (BCF) Log-Taper,Theoretical foundation,1-3,✓ Lean-verified,General
BCFLogTaperAxiomClassicalResults.lean,Bettin-Conrey-Farmer (BCF) Log-Taper,Theoretical foundation,1-3,✓ Lean-verified,General
BCFLogTaperAxiomMobiusSummation.lean,Bettin-Conrey-Farmer (BCF) Log-Taper,Theoretical foundation,1-3,✓ Lean-verified,Number theory
BCFLogTaperAxiomVanDerCorput.lean,Bettin-Conrey-Farmer (BCF) Log-Taper,Theoretical foundation,1-3,✓ Lean-verified,General
BCFLogTaperAxiomWeilBound.lean,Bettin-Conrey-Farmer (BCF) Log-Taper,Theoretical foundation,1-3,✓ Lean-verified,General
BCFLogTaperBettinConreyAggregate.lean,Bettin-Conrey-Farmer (BCF) Log-Taper,Theoretical foundation,1-3,✓ Lean-verified,General
BCFLogTaperBettinConreyReciprocity.lean,Bettin-Conrey-Farmer (BCF) Log-Taper,Theoretical foundation,1-3,✓ Lean-verified,General
BCFLogTaperCancellationAnatomy.lean,Bettin-Conrey-Farmer (BCF) Log-Taper,Theoretical foundation,1-3,✓ Lean-verified,General
BCFLogTaperCofinalEnergy.lean,Bettin-Conrey-Farmer (BCF) Log-Taper,Asymptotic bounds,1-3,✓ Lean-verified,Asymptotics
BCFLogTaperContour.lean,Bettin-Conrey-Farmer (BCF) Log-Taper,Complex analysis,1-3,✓ Lean-verified,General
BCFLogTaperCotangentReduction.lean,Bettin-Conrey-Farmer (BCF) Log-Taper,Theoretical foundation,1-3,✓ Lean-verified,Trigonometric functions
BCFLogTaperEhm.lean,Bettin-Conrey-Farmer (BCF) Log-Taper,Theoretical foundation,1-3,✓ Lean-verified,General
BCFLogTaperEhmAdditiveRatioNearFar.lean,Bettin-Conrey-Farmer (BCF) Log-Taper,Theoretical foundation,1-3,✓ Lean-verified,General
BCFLogTaperEhmAdditiveRatioReduction.lean,Bettin-Conrey-Farmer (BCF) Log-Taper,Theoretical foundation,1-3,✓ Lean-verified,General
BCFLogTaperEhmAdditiveRatioStrategy.lean,Bettin-Conrey-Farmer (BCF) Log-Taper,Theoretical foundation,1-3,✓ Lean-verified,General
BCFLogTaperEhmAlternativeRoutes.lean,Bettin-Conrey-Farmer (BCF) Log-Taper,Theoretical foundation,1-3,✓ Lean-verified,General
BCFLogTaperEhmAutocorrelationFourier.lean,Bettin-Conrey-Farmer (BCF) Log-Taper,Transform theory,1-3,✓ Lean-verified,Analytic transforms
BCFLogTaperEhmAutocorrelationNormalization.lean,Bettin-Conrey-Farmer (BCF) Log-Taper,Theoretical foundation,1-3,✓ Lean-verified,General
BCFLogTaperEhmAutocorrelationProfileStopTest.lean,Bettin-Conrey-Farmer (BCF) Log-Taper,Theoretical foundation,1-3,✓ Lean-verified,General
BCFLogTaperEhmBoundaryResearch.lean,Bettin-Conrey-Farmer (BCF) Log-Taper,Theoretical foundation,1-3,✓ Lean-verified,General
BCFLogTaperEhmBoundaryTail.lean,Bettin-Conrey-Farmer (BCF) Log-Taper,Theoretical foundation,1-3,✓ Lean-verified,General
BCFLogTaperEhmBurgessAudit.lean,Bettin-Conrey-Farmer (BCF) Log-Taper,Verification/Checking,1-3,✓ Lean-verified,General
BCFLogTaperEhmCenteredKernelAudit.lean,Bettin-Conrey-Farmer (BCF) Log-Taper,Verification/Checking,1-3,✓ Lean-verified,Analytic transforms
BCFLogTaperEhmCoefficientConvergence.lean,Bettin-Conrey-Farmer (BCF) Log-Taper,Theoretical foundation,1-3,✓ Lean-verified,General
BCFLogTaperEhmCompensator.lean,Bettin-Conrey-Farmer (BCF) Log-Taper,Theoretical foundation,1-3,✓ Lean-verified,General
BCFLogTaperEhmComplementaryDivisor.lean,Bettin-Conrey-Farmer (BCF) Log-Taper,Theoretical foundation,1-3,✓ Lean-verified,General
BCFLogTaperEhmComplementarySector.lean,Bettin-Conrey-Farmer (BCF) Log-Taper,Theoretical foundation,1-3,✓ Lean-verified,General
BCFLogTaperEhmCompletedBlockResidue.lean,Bettin-Conrey-Farmer (BCF) Log-Taper,Theoretical foundation,1-3,✓ Lean-verified,General
BCFLogTaperEhmCorrectionPreservingSpectralTruncation.lean,Bettin-Conrey-Farmer (BCF) Log-Taper,Theoretical foundation,1-3,✓ Lean-verified,General
BCFLogTaperEhmCorrectionTriangleLoss.lean,Bettin-Conrey-Farmer (BCF) Log-Taper,Theoretical foundation,1-3,✓ Lean-verified,General
BCFLogTaperEhmCoupledNearCoreTarget.lean,Bettin-Conrey-Farmer (BCF) Log-Taper,Theoretical foundation,1-3,✓ Lean-verified,General
BCFLogTaperEhmCutoffAverageMainTerm.lean,Bettin-Conrey-Farmer (BCF) Log-Taper,Theoretical foundation,1-3,✓ Lean-verified,General
BCFLogTaperEhmCutoffAverageReindex.lean,Bettin-Conrey-Farmer (BCF) Log-Taper,Theoretical foundation,1-3,✓ Lean-verified,General
BCFLogTaperEhmDigammaMultiplication.lean,Bettin-Conrey-Farmer (BCF) Log-Taper,Theoretical foundation,1-3,✓ Lean-verified,General
BCFLogTaperEhmDilationFourier.lean,Bettin-Conrey-Farmer (BCF) Log-Taper,Transform theory,1-3,✓ Lean-verified,Analytic transforms
BCFLogTaperEhmDirectFeasibility.lean,Bettin-Conrey-Farmer (BCF) Log-Taper,Theoretical foundation,1-3,✓ Lean-verified,General
BCFLogTaperEhmDispersionBlocks.lean,Bettin-Conrey-Farmer (BCF) Log-Taper,Theoretical foundation,1-3,✓ Lean-verified,General
BCFLogTaperEhmDivisorSquare.lean,Bettin-Conrey-Farmer (BCF) Log-Taper,Theoretical foundation,1-3,✓ Lean-verified,General
BCFLogTaperEhmDoubleCofinal.lean,Bettin-Conrey-Farmer (BCF) Log-Taper,Theoretical foundation,1-3,✓ Lean-verified,General
BCFLogTaperEhmDyadicCommonSplit.lean,Bettin-Conrey-Farmer (BCF) Log-Taper,Theoretical foundation,1-3,✓ Lean-verified,General
BCFLogTaperEhmDyadicCorrectionAbel.lean,Bettin-Conrey-Farmer (BCF) Log-Taper,Theoretical foundation,1-3,✓ Lean-verified,General
BCFLogTaperEhmDyadicDispersion.lean,Bettin-Conrey-Farmer (BCF) Log-Taper,Theoretical foundation,1-3,✓ Lean-verified,General
BCFLogTaperEhmDyadicFarTail.lean,Bettin-Conrey-Farmer (BCF) Log-Taper,Theoretical foundation,1-3,✓ Lean-verified,General
BCFLogTaperEhmDyadicNearCoreReindex.lean,Bettin-Conrey-Farmer (BCF) Log-Taper,Theoretical foundation,1-3,✓ Lean-verified,General
BCFLogTaperEhmEarlyBlockCorrection.lean,Bettin-Conrey-Farmer (BCF) Log-Taper,Theoretical foundation,1-3,✓ Lean-verified,General
BCFLogTaperEhmExplicitFarCutoff.lean,Bettin-Conrey-Farmer (BCF) Log-Taper,Theoretical foundation,1-3,✓ Lean-verified,General
BCFLogTaperEhmFinalClosure.lean,Bettin-Conrey-Farmer (BCF) Log-Taper,Theoretical foundation,1-3,✓ Lean-verified,General
BCFLogTaperEhmFourierBridge.lean,Bettin-Conrey-Farmer (BCF) Log-Taper,Proof connection,1-3,✓ Lean-verified,Analytic transforms
BCFLogTaperEhmFourierResonanceAudit.lean,Bettin-Conrey-Farmer (BCF) Log-Taper,Verification/Checking,1-3,✓ Lean-verified,Analytic transforms
BCFLogTaperEhmFullVaalerLift.lean,Bettin-Conrey-Farmer (BCF) Log-Taper,Theoretical foundation,1-3,✓ Lean-verified,General
BCFLogTaperEhmGate4CrossModulusSquare.lean,Bettin-Conrey-Farmer (BCF) Log-Taper,Theoretical foundation,1-3,✓ Lean-verified,General
BCFLogTaperEhmGate4Dispersion.lean,Bettin-Conrey-Farmer (BCF) Log-Taper,Theoretical foundation,1-3,✓ Lean-verified,General
BCFLogTaperEhmGate4DispersionHierarchy.lean,Bettin-Conrey-Farmer (BCF) Log-Taper,Theoretical foundation,1-3,✓ Lean-verified,General
BCFLogTaperEhmGate4Parseval.lean,Bettin-Conrey-Farmer (BCF) Log-Taper,Theoretical foundation,1-3,✓ Lean-verified,General
BCFLogTaperEhmGate4Strategy.lean,Bettin-Conrey-Farmer (BCF) Log-Taper,Theoretical foundation,1-3,✓ Lean-verified,General
BCFLogTaperEhmGate5CoupledReconstruction.lean,Bettin-Conrey-Farmer (BCF) Log-Taper,Theoretical foundation,1-3,✓ Lean-verified,General
BCFLogTaperEhmGeometricSpectralCompatibility.lean,Bettin-Conrey-Farmer (BCF) Log-Taper,Theoretical foundation,1-3,✓ Lean-verified,General
BCFLogTaperEhmGlobalCorrectionLaboratory.lean,Bettin-Conrey-Farmer (BCF) Log-Taper,Theoretical foundation,1-3,✓ Lean-verified,General
BCFLogTaperEhmHarmonicAbel.lean,Bettin-Conrey-Farmer (BCF) Log-Taper,Theoretical foundation,1-3,✓ Lean-verified,General
BCFLogTaperEhmHarmonicResonanceSplit.lean,Bettin-Conrey-Farmer (BCF) Log-Taper,Theoretical foundation,1-3,✓ Lean-verified,General
BCFLogTaperEhmHighProductResidues.lean,Bettin-Conrey-Farmer (BCF) Log-Taper,Theoretical foundation,1-3,✓ Lean-verified,General
BCFLogTaperEhmHighSectorCompensation.lean,Bettin-Conrey-Farmer (BCF) Log-Taper,Theoretical foundation,1-3,✓ Lean-verified,General
BCFLogTaperEhmHyperbola.lean,Bettin-Conrey-Farmer (BCF) Log-Taper,Theoretical foundation,1-3,✓ Lean-verified,General
BCFLogTaperEhmHyperbolicKernelNormalForm.lean,Bettin-Conrey-Farmer (BCF) Log-Taper,Asymptotic bounds,1-3,✓ Lean-verified,Analytic transforms
BCFLogTaperEhmIntegralSeriesAssembly.lean,Bettin-Conrey-Farmer (BCF) Log-Taper,Theoretical foundation,1-3,✓ Lean-verified,General
BCFLogTaperEhmKernel.lean,Bettin-Conrey-Farmer (BCF) Log-Taper,Asymptotic bounds,1-3,✓ Lean-verified,Analytic transforms
BCFLogTaperEhmL2Convergence.lean,Bettin-Conrey-Farmer (BCF) Log-Taper,Theoretical foundation,1-3,✓ Lean-verified,General
BCFLogTaperEhmMSTTCenteredGate.lean,Bettin-Conrey-Farmer (BCF) Log-Taper,Theoretical foundation,1-3,✓ Lean-verified,General
BCFLogTaperEhmMSTTClippedOptimization.lean,Bettin-Conrey-Farmer (BCF) Log-Taper,Theoretical foundation,1-3,✓ Lean-verified,General
BCFLogTaperEhmMSTTLowCommonCoordinates.lean,Bettin-Conrey-Farmer (BCF) Log-Taper,Theoretical foundation,1-3,✓ Lean-verified,General
BCFLogTaperEhmMSTTLowRows.lean,Bettin-Conrey-Farmer (BCF) Log-Taper,Theoretical foundation,1-3,✓ Lean-verified,General
BCFLogTaperEhmMSTTNormalizationAudit.lean,Bettin-Conrey-Farmer (BCF) Log-Taper,Verification/Checking,1-3,✓ Lean-verified,General
BCFLogTaperEhmMSTTOptimization.lean,Bettin-Conrey-Farmer (BCF) Log-Taper,Theoretical foundation,1-3,✓ Lean-verified,General
BCFLogTaperEhmMSTTPrefixRecursion.lean,Bettin-Conrey-Farmer (BCF) Log-Taper,Theoretical foundation,1-3,✓ Lean-verified,General
BCFLogTaperEhmMSTTSectorCoupling.lean,Bettin-Conrey-Farmer (BCF) Log-Taper,Theoretical foundation,1-3,✓ Lean-verified,General
BCFLogTaperEhmMSTTTaylorAccumulation.lean,Bettin-Conrey-Farmer (BCF) Log-Taper,Theoretical foundation,1-3,✓ Lean-verified,General
BCFLogTaperEhmMSTTVariation.lean,Bettin-Conrey-Farmer (BCF) Log-Taper,Theoretical foundation,1-3,✓ Lean-verified,General
BCFLogTaperEhmMSTTWindowCover.lean,Bettin-Conrey-Farmer (BCF) Log-Taper,Theoretical foundation,1-3,✓ Lean-verified,General
BCFLogTaperEhmMacLeod.lean,Bettin-Conrey-Farmer (BCF) Log-Taper,Theoretical foundation,1-3,✓ Lean-verified,General
BCFLogTaperEhmMacLeodCompensation.lean,Bettin-Conrey-Farmer (BCF) Log-Taper,Theoretical foundation,1-3,✓ Lean-verified,General
BCFLogTaperEhmMaierRassiasKernelTransfer.lean,Bettin-Conrey-Farmer (BCF) Log-Taper,Asymptotic bounds,1-3,✓ Lean-verified,Analytic transforms
BCFLogTaperEhmMaierRassiasWeightedTransfer.lean,Bettin-Conrey-Farmer (BCF) Log-Taper,Proof connection,1-3,✓ Lean-verified,General
BCFLogTaperEhmMomentRemainderStopTest.lean,Bettin-Conrey-Farmer (BCF) Log-Taper,Theoretical foundation,1-3,✓ Lean-verified,General
BCFLogTaperEhmMotohashiComparison.lean,Bettin-Conrey-Farmer (BCF) Log-Taper,Theoretical foundation,1-3,✓ Lean-verified,General
BCFLogTaperEhmPairedAdditiveRows.lean,Bettin-Conrey-Farmer (BCF) Log-Taper,Theoretical foundation,1-3,✓ Lean-verified,General
BCFLogTaperEhmPairedDispersion.lean,Bettin-Conrey-Farmer (BCF) Log-Taper,Theoretical foundation,1-3,✓ Lean-verified,General
BCFLogTaperEhmPairedResonance.lean,Bettin-Conrey-Farmer (BCF) Log-Taper,Theoretical foundation,1-3,✓ Lean-verified,General
BCFLogTaperEhmPeriodicL2.lean,Bettin-Conrey-Farmer (BCF) Log-Taper,Theoretical foundation,1-3,✓ Lean-verified,General
BCFLogTaperEhmPrimeCofinal.lean,Bettin-Conrey-Farmer (BCF) Log-Taper,Theoretical foundation,1-3,✓ Lean-verified,General
BCFLogTaperEhmPrimeCompleteRowAbelDecay.lean,Bettin-Conrey-Farmer (BCF) Log-Taper,Theoretical foundation,1-3,✓ Lean-verified,General
BCFLogTaperEhmPrimeCorrectionMatching.lean,Bettin-Conrey-Farmer (BCF) Log-Taper,Theoretical foundation,1-3,✓ Lean-verified,General
BCFLogTaperEhmPrimeCumulativeAmplitude.lean,Bettin-Conrey-Farmer (BCF) Log-Taper,Theoretical foundation,1-3,✓ Lean-verified,General
BCFLogTaperEhmPrimeCumulativePhase.lean,Bettin-Conrey-Farmer (BCF) Log-Taper,Theoretical foundation,1-3,✓ Lean-verified,General
BCFLogTaperEhmPrimeCumulativeRowAbel.lean,Bettin-Conrey-Farmer (BCF) Log-Taper,Theoretical foundation,1-3,✓ Lean-verified,General
BCFLogTaperEhmPrimeCumulativeRowAbelTarget.lean,Bettin-Conrey-Farmer (BCF) Log-Taper,Theoretical foundation,1-3,✓ Lean-verified,General
BCFLogTaperEhmPrimeCumulativeRowBounds.lean,Bettin-Conrey-Farmer (BCF) Log-Taper,Asymptotic bounds,1-3,✓ Lean-verified,Asymptotics
BCFLogTaperEhmPrimeCumulativeRowVariation.lean,Bettin-Conrey-Farmer (BCF) Log-Taper,Theoretical foundation,1-3,✓ Lean-verified,General
BCFLogTaperEhmPrimeCumulativeRows.lean,Bettin-Conrey-Farmer (BCF) Log-Taper,Theoretical foundation,1-3,✓ Lean-verified,General
BCFLogTaperEhmPrimeCumulativeTaper.lean,Bettin-Conrey-Farmer (BCF) Log-Taper,Theoretical foundation,1-3,✓ Lean-verified,General
BCFLogTaperEhmPrimeCumulativeVaaler.lean,Bettin-Conrey-Farmer (BCF) Log-Taper,Theoretical foundation,1-3,✓ Lean-verified,General
BCFLogTaperEhmPrimeCumulativeVaalerTarget.lean,Bettin-Conrey-Farmer (BCF) Log-Taper,Theoretical foundation,1-3,✓ Lean-verified,General
BCFLogTaperEhmPrimeDiscrepancyAbel.lean,Bettin-Conrey-Farmer (BCF) Log-Taper,Theoretical foundation,1-3,✓ Lean-verified,General
BCFLogTaperEhmPrimeExplicitFormula.lean,Bettin-Conrey-Farmer (BCF) Log-Taper,Theoretical foundation,1-3,✓ Lean-verified,General
BCFLogTaperEhmPrimePrefixCollapse.lean,Bettin-Conrey-Farmer (BCF) Log-Taper,Theoretical foundation,1-3,✓ Lean-verified,General
BCFLogTaperEhmPrimeProfileCollapse.lean,Bettin-Conrey-Farmer (BCF) Log-Taper,Theoretical foundation,1-3,✓ Lean-verified,General
BCFLogTaperEhmPrimeRemainderKernel.lean,Bettin-Conrey-Farmer (BCF) Log-Taper,Asymptotic bounds,1-3,✓ Lean-verified,Analytic transforms
BCFLogTaperEhmPrimeRemainderVariation.lean,Bettin-Conrey-Farmer (BCF) Log-Taper,Theoretical foundation,1-3,✓ Lean-verified,General
BCFLogTaperEhmPrimeResidues.lean,Bettin-Conrey-Farmer (BCF) Log-Taper,Theoretical foundation,1-3,✓ Lean-verified,General
BCFLogTaperEhmPrimeTruncatedFormula.lean,Bettin-Conrey-Farmer (BCF) Log-Taper,Theoretical foundation,1-3,✓ Lean-verified,General
BCFLogTaperEhmProductTruncation.lean,Bettin-Conrey-Farmer (BCF) Log-Taper,Theoretical foundation,1-3,✓ Lean-verified,General
BCFLogTaperEhmQGeTwoCollapse.lean,Bettin-Conrey-Farmer (BCF) Log-Taper,Theoretical foundation,1-3,✓ Lean-verified,General
BCFLogTaperEhmR1Decay.lean,Bettin-Conrey-Farmer (BCF) Log-Taper,Theoretical foundation,1-3,✓ Lean-verified,General
BCFLogTaperEhmRationalBlocks.lean,Bettin-Conrey-Farmer (BCF) Log-Taper,Theoretical foundation,1-3,✓ Lean-verified,General
BCFLogTaperEhmRationalBridge.lean,Bettin-Conrey-Farmer (BCF) Log-Taper,Proof connection,1-3,✓ Lean-verified,General
BCFLogTaperEhmReciprocalTaylor.lean,Bettin-Conrey-Farmer (BCF) Log-Taper,Theoretical foundation,1-3,✓ Lean-verified,General
BCFLogTaperEhmRectangularAbel.lean,Bettin-Conrey-Farmer (BCF) Log-Taper,Theoretical foundation,1-3,✓ Lean-verified,General
BCFLogTaperEhmRectangularInstantiation.lean,Bettin-Conrey-Farmer (BCF) Log-Taper,Theoretical foundation,1-3,✓ Lean-verified,General
BCFLogTaperEhmReferenceProfiles.lean,Bettin-Conrey-Farmer (BCF) Log-Taper,Theoretical foundation,1-3,✓ Lean-verified,General
BCFLogTaperEhmRetainedCorrectionAudit.lean,Bettin-Conrey-Farmer (BCF) Log-Taper,Verification/Checking,1-3,✓ Lean-verified,General
BCFLogTaperEhmSeriesBridge.lean,Bettin-Conrey-Farmer (BCF) Log-Taper,Proof connection,1-3,✓ Lean-verified,General
BCFLogTaperEhmSeriesValue.lean,Bettin-Conrey-Farmer (BCF) Log-Taper,Theoretical foundation,1-3,✓ Lean-verified,General
BCFLogTaperEhmSignedAverage.lean,Bettin-Conrey-Farmer (BCF) Log-Taper,Theoretical foundation,1-3,✓ Lean-verified,General
BCFLogTaperEhmSignedTransferAudit.lean,Bettin-Conrey-Farmer (BCF) Log-Taper,Verification/Checking,1-3,✓ Lean-verified,General
BCFLogTaperEhmTypeIIAnalyticGate.lean,Bettin-Conrey-Farmer (BCF) Log-Taper,Theoretical foundation,1-3,✓ Lean-verified,General
BCFLogTaperEhmTypeIISplit.lean,Bettin-Conrey-Farmer (BCF) Log-Taper,Theoretical foundation,1-3,✓ Lean-verified,General
BCFLogTaperEhmUniformBoundary.lean,Bettin-Conrey-Farmer (BCF) Log-Taper,Theoretical foundation,1-3,✓ Lean-verified,General
BCFLogTaperEhmVaalerAnalyticGate.lean,Bettin-Conrey-Farmer (BCF) Log-Taper,Theoretical foundation,1-3,✓ Lean-verified,General
BCFLogTaperEhmVaalerNormalizedCharacters.lean,Bettin-Conrey-Farmer (BCF) Log-Taper,Theoretical foundation,1-3,✓ Lean-verified,General
BCFLogTaperEhmWeek3Closure.lean,Bettin-Conrey-Farmer (BCF) Log-Taper,Theoretical foundation,1-3,✓ Lean-verified,General
BCFLogTaperEhmWeek3MertensAudit.lean,Bettin-Conrey-Farmer (BCF) Log-Taper,Verification/Checking,1-3,✓ Lean-verified,General
BCFLogTaperEnergyMeanAnatomy.lean,Bettin-Conrey-Farmer (BCF) Log-Taper,Asymptotic bounds,1-3,✓ Lean-verified,Asymptotics
BCFLogTaperEnergyMeanContourExtraction.lean,Bettin-Conrey-Farmer (BCF) Log-Taper,Asymptotic bounds,1-3,✓ Lean-verified,Asymptotics
BCFLogTaperEstermannAtZeroBridge.lean,Bettin-Conrey-Farmer (BCF) Log-Taper,Proof connection,1-3,✓ Lean-verified,Riemann ζ-function
BCFLogTaperEstermannAtZeroReduction.lean,Bettin-Conrey-Farmer (BCF) Log-Taper,Theoretical foundation,1-3,✓ Lean-verified,Riemann ζ-function
BCFLogTaperEstermannBilinearTraceTarget.lean,Bettin-Conrey-Farmer (BCF) Log-Taper,Theoretical foundation,1-3,✓ Lean-verified,General
BCFLogTaperEstermannBoundaryAnalysis.lean,Bettin-Conrey-Farmer (BCF) Log-Taper,Theoretical foundation,1-3,✓ Lean-verified,General
BCFLogTaperEstermannCompletionLift.lean,Bettin-Conrey-Farmer (BCF) Log-Taper,Theoretical foundation,1-3,✓ Lean-verified,General
BCFLogTaperEstermannContourShift.lean,Bettin-Conrey-Farmer (BCF) Log-Taper,Complex analysis,1-3,✓ Lean-verified,General
BCFLogTaperEstermannCorrectionBridge.lean,Bettin-Conrey-Farmer (BCF) Log-Taper,Proof connection,1-3,✓ Lean-verified,General
BCFLogTaperEstermannEvaluationContour.lean,Bettin-Conrey-Farmer (BCF) Log-Taper,Complex analysis,1-3,✓ Lean-verified,General
BCFLogTaperEstermannFiniteFourier.lean,Bettin-Conrey-Farmer (BCF) Log-Taper,Transform theory,1-3,✓ Lean-verified,Analytic transforms
BCFLogTaperEstermannFourToTwoCollapse.lean,Bettin-Conrey-Farmer (BCF) Log-Taper,Theoretical foundation,1-3,✓ Lean-verified,General
BCFLogTaperEstermannFunctionalEquation.lean,Bettin-Conrey-Farmer (BCF) Log-Taper,Theoretical foundation,1-3,✓ Lean-verified,General
BCFLogTaperEstermannGaussianAssembly.lean,Bettin-Conrey-Farmer (BCF) Log-Taper,Theoretical foundation,1-3,✓ Lean-verified,General
BCFLogTaperEstermannGaussianSubtraction.lean,Bettin-Conrey-Farmer (BCF) Log-Taper,Theoretical foundation,1-3,✓ Lean-verified,General
BCFLogTaperEstermannGlobalExchange.lean,Bettin-Conrey-Farmer (BCF) Log-Taper,Theoretical foundation,1-3,✓ Lean-verified,General
BCFLogTaperEstermannH15MellinAssembly.lean,Bettin-Conrey-Farmer (BCF) Log-Taper,Transform theory,1-3,✓ Lean-verified,Analytic transforms
BCFLogTaperEstermannH15NumeratorCompletion.lean,Bettin-Conrey-Farmer (BCF) Log-Taper,Theoretical foundation,1-3,✓ Lean-verified,General
BCFLogTaperEstermannHurwitz.lean,Bettin-Conrey-Farmer (BCF) Log-Taper,Theoretical foundation,1-3,✓ Lean-verified,General
BCFLogTaperEstermannInverseMellin.lean,Bettin-Conrey-Farmer (BCF) Log-Taper,Transform theory,1-3,✓ Lean-verified,Analytic transforms
BCFLogTaperEstermannKernelExtraction.lean,Bettin-Conrey-Farmer (BCF) Log-Taper,Asymptotic bounds,1-3,✓ Lean-verified,Analytic transforms
BCFLogTaperEstermannKloosterman.lean,Bettin-Conrey-Farmer (BCF) Log-Taper,Theoretical foundation,1-3,✓ Lean-verified,General
BCFLogTaperEstermannKloostermanCompletion.lean,Bettin-Conrey-Farmer (BCF) Log-Taper,Theoretical foundation,1-3,✓ Lean-verified,General
BCFLogTaperEstermannKuznetsovGate.lean,Bettin-Conrey-Farmer (BCF) Log-Taper,Theoretical foundation,1-3,✓ Lean-verified,General
BCFLogTaperEstermannKuznetsovProof.lean,Bettin-Conrey-Farmer (BCF) Log-Taper,Theoretical foundation,1-3,✓ Lean-verified,General
BCFLogTaperEstermannModulusSeparation.lean,Bettin-Conrey-Farmer (BCF) Log-Taper,Theoretical foundation,1-3,✓ Lean-verified,General
BCFLogTaperEstermannMotohashiCompensation.lean,Bettin-Conrey-Farmer (BCF) Log-Taper,Theoretical foundation,1-3,✓ Lean-verified,General
BCFLogTaperEstermannMotohashiCuspInvariance.lean,Bettin-Conrey-Farmer (BCF) Log-Taper,Theoretical foundation,1-3,✓ Lean-verified,General
BCFLogTaperEstermannMotohashiFourierRecovery.lean,Bettin-Conrey-Farmer (BCF) Log-Taper,Transform theory,1-3,✓ Lean-verified,Analytic transforms
BCFLogTaperEstermannMotohashiPhysicalCorrection.lean,Bettin-Conrey-Farmer (BCF) Log-Taper,Theoretical foundation,1-3,✓ Lean-verified,General
BCFLogTaperEstermannMotohashiPoincare.lean,Bettin-Conrey-Farmer (BCF) Log-Taper,Theoretical foundation,1-3,✓ Lean-verified,General
BCFLogTaperEstermannMotohashiSeed.lean,Bettin-Conrey-Farmer (BCF) Log-Taper,Theoretical foundation,1-3,✓ Lean-verified,General
BCFLogTaperEstermannMotohashiSobolevTranslation.lean,Bettin-Conrey-Farmer (BCF) Log-Taper,Theoretical foundation,1-3,✓ Lean-verified,General
BCFLogTaperEstermannMotohashiSynthesis.lean,Bettin-Conrey-Farmer (BCF) Log-Taper,Theoretical foundation,1-3,✓ Lean-verified,General
BCFLogTaperEstermannMotohashiTraceAudit.lean,Bettin-Conrey-Farmer (BCF) Log-Taper,Verification/Checking,1-3,✓ Lean-verified,General
BCFLogTaperEstermannNormalization.lean,Bettin-Conrey-Farmer (BCF) Log-Taper,Theoretical foundation,1-3,✓ Lean-verified,General
BCFLogTaperEstermannRegularizedKernels.lean,Bettin-Conrey-Farmer (BCF) Log-Taper,Asymptotic bounds,1-3,✓ Lean-verified,Analytic transforms
BCFLogTaperEstermannSeries.lean,Bettin-Conrey-Farmer (BCF) Log-Taper,Theoretical foundation,1-3,✓ Lean-verified,General
BCFLogTaperEstermannSimpleLaurent.lean,Bettin-Conrey-Farmer (BCF) Log-Taper,Theoretical foundation,1-3,✓ Lean-verified,General
BCFLogTaperEstermannTwoPoleRectangle.lean,Bettin-Conrey-Farmer (BCF) Log-Taper,Theoretical foundation,1-3,✓ Lean-verified,General
BCFLogTaperEstermannTwoSignTarget.lean,Bettin-Conrey-Farmer (BCF) Log-Taper,Theoretical foundation,1-3,✓ Lean-verified,General
BCFLogTaperEstermannVerticalBounds.lean,Bettin-Conrey-Farmer (BCF) Log-Taper,Asymptotic bounds,1-3,✓ Lean-verified,Asymptotics
BCFLogTaperEstermannVoronoi.lean,Bettin-Conrey-Farmer (BCF) Log-Taper,Theoretical foundation,1-3,✓ Lean-verified,General
BCFLogTaperEstermannWP4ConductorStopTest.lean,Bettin-Conrey-Farmer (BCF) Log-Taper,Theoretical foundation,1-3,✓ Lean-verified,General
BCFLogTaperGcd.lean,Bettin-Conrey-Farmer (BCF) Log-Taper,Theoretical foundation,1-3,✓ Lean-verified,General
BCFLogTaperH15ContourEhmSpectralBridge.lean,Bettin-Conrey-Farmer (BCF) Log-Taper,Complex analysis,1-3,✓ Lean-verified,General
BCFLogTaperH15ContourTraceModes.lean,Bettin-Conrey-Farmer (BCF) Log-Taper,Complex analysis,1-3,✓ Lean-verified,General
BCFLogTaperH15ResolvedSpectralSplit.lean,Bettin-Conrey-Farmer (BCF) Log-Taper,Theoretical foundation,1-3,✓ Lean-verified,General
BCFLogTaperH15ResolvedTraceLedger.lean,Bettin-Conrey-Farmer (BCF) Log-Taper,Theoretical foundation,1-3,✓ Lean-verified,General
BCFLogTaperMSTTPolynomialPhase.lean,Bettin-Conrey-Farmer (BCF) Log-Taper,Theoretical foundation,1-3,✓ Lean-verified,General
BCFLogTaperMellin.lean,Bettin-Conrey-Farmer (BCF) Log-Taper,Transform theory,1-3,✓ Lean-verified,Analytic transforms
BCFLogTaperPairedContour.lean,Bettin-Conrey-Farmer (BCF) Log-Taper,Complex analysis,1-3,✓ Lean-verified,General
BCFLogTaperRationalSineEndpoint.lean,Bettin-Conrey-Farmer (BCF) Log-Taper,Theoretical foundation,1-3,✓ Lean-verified,Trigonometric functions
BCFLogTaperRouteCAbelBoundary.lean,Bettin-Conrey-Farmer (BCF) Log-Taper,Theoretical foundation,1-3,✓ Lean-verified,General
BCFLogTaperRouteCAbelCentralConstructor.lean,Bettin-Conrey-Farmer (BCF) Log-Taper,Theoretical foundation,1-3,✓ Lean-verified,General
BCFLogTaperRouteCAbelComplexDamping.lean,Bettin-Conrey-Farmer (BCF) Log-Taper,Theoretical foundation,1-3,✓ Lean-verified,General
BCFLogTaperRouteCAbelContourLimit.lean,Bettin-Conrey-Farmer (BCF) Log-Taper,Complex analysis,1-3,✓ Lean-verified,General
BCFLogTaperRouteCAbelFinitePart.lean,Bettin-Conrey-Farmer (BCF) Log-Taper,Theoretical foundation,1-3,✓ Lean-verified,General
BCFLogTaperRouteCAbelHorizontal.lean,Bettin-Conrey-Farmer (BCF) Log-Taper,Theoretical foundation,1-3,✓ Lean-verified,General
BCFLogTaperRouteCAbelHurwitzGrowth.lean,Bettin-Conrey-Farmer (BCF) Log-Taper,Theoretical foundation,1-3,✓ Lean-verified,General
BCFLogTaperRouteCAbelHurwitzPLGrowth.lean,Bettin-Conrey-Farmer (BCF) Log-Taper,Theoretical foundation,1-3,✓ Lean-verified,General
BCFLogTaperRouteCAbelHurwitzStrip.lean,Bettin-Conrey-Farmer (BCF) Log-Taper,Theoretical foundation,1-3,✓ Lean-verified,General
BCFLogTaperRouteCAbelMellin.lean,Bettin-Conrey-Farmer (BCF) Log-Taper,Transform theory,1-3,✓ Lean-verified,Analytic transforms
BCFLogTaperRouteCAbelPhase4.lean,Bettin-Conrey-Farmer (BCF) Log-Taper,Theoretical foundation,1-3,✓ Lean-verified,General
BCFLogTaperRouteCAbelReciprocalRay.lean,Bettin-Conrey-Farmer (BCF) Log-Taper,Theoretical foundation,1-3,✓ Lean-verified,General
BCFLogTaperRouteCAbelReflectionWeight.lean,Bettin-Conrey-Farmer (BCF) Log-Taper,Theoretical foundation,1-3,✓ Lean-verified,General
BCFLogTaperRouteCAbelRightLine.lean,Bettin-Conrey-Farmer (BCF) Log-Taper,Theoretical foundation,1-3,✓ Lean-verified,General
BCFLogTaperRouteCAbelTwoPole.lean,Bettin-Conrey-Farmer (BCF) Log-Taper,Theoretical foundation,1-3,✓ Lean-verified,General
BCFLogTaperRouteCAdaptiveTransfer.lean,Bettin-Conrey-Farmer (BCF) Log-Taper,Proof connection,1-3,✓ Lean-verified,General
BCFLogTaperRouteCAsmRHStrengthLowModeDecay.lean,Bettin-Conrey-Farmer (BCF) Log-Taper,Theoretical foundation,1-3,✓ Lean-verified,General
BCFLogTaperRouteCBesselCoefficient.lean,Bettin-Conrey-Farmer (BCF) Log-Taper,Theoretical foundation,1-3,✓ Lean-verified,General
BCFLogTaperRouteCCentralLipschitz.lean,Bettin-Conrey-Farmer (BCF) Log-Taper,Theoretical foundation,1-3,✓ Lean-verified,General
BCFLogTaperRouteCCentralOnlyAssembly.lean,Bettin-Conrey-Farmer (BCF) Log-Taper,Theoretical foundation,1-3,✓ Lean-verified,General
BCFLogTaperRouteCCentralReciprocity.lean,Bettin-Conrey-Farmer (BCF) Log-Taper,Theoretical foundation,1-3,✓ Lean-verified,General
BCFLogTaperRouteCCentralTaylorRow.lean,Bettin-Conrey-Farmer (BCF) Log-Taper,Theoretical foundation,1-3,✓ Lean-verified,General
BCFLogTaperRouteCClassicalAssembly.lean,Bettin-Conrey-Farmer (BCF) Log-Taper,Theoretical foundation,1-3,✓ Lean-verified,General
BCFLogTaperRouteCComplexAbelHorizontal.lean,Bettin-Conrey-Farmer (BCF) Log-Taper,Theoretical foundation,1-3,✓ Lean-verified,General
BCFLogTaperRouteCComplexAbelLeftLine.lean,Bettin-Conrey-Farmer (BCF) Log-Taper,Theoretical foundation,1-3,✓ Lean-verified,General
BCFLogTaperRouteCComplexAbelTwoPole.lean,Bettin-Conrey-Farmer (BCF) Log-Taper,Theoretical foundation,1-3,✓ Lean-verified,General
BCFLogTaperRouteCComplexEstermannMellin.lean,Bettin-Conrey-Farmer (BCF) Log-Taper,Transform theory,1-3,✓ Lean-verified,Analytic transforms
BCFLogTaperRouteCComplexInverseMellin.lean,Bettin-Conrey-Farmer (BCF) Log-Taper,Transform theory,1-3,✓ Lean-verified,Analytic transforms
BCFLogTaperRouteCCoupledFinitePart.lean,Bettin-Conrey-Farmer (BCF) Log-Taper,Theoretical foundation,1-3,✓ Lean-verified,General
BCFLogTaperRouteCFiniteAbelEvaluation.lean,Bettin-Conrey-Farmer (BCF) Log-Taper,Theoretical foundation,1-3,✓ Lean-verified,General
BCFLogTaperRouteCFiniteAnalyticPatch.lean,Bettin-Conrey-Farmer (BCF) Log-Taper,Theoretical foundation,1-3,✓ Lean-verified,General
BCFLogTaperRouteCGammaHalfLines.lean,Bettin-Conrey-Farmer (BCF) Log-Taper,Theoretical foundation,1-3,✓ Lean-verified,General
BCFLogTaperRouteCGammaShiftedLines.lean,Bettin-Conrey-Farmer (BCF) Log-Taper,Theoretical foundation,1-3,✓ Lean-verified,General
BCFLogTaperRouteCLambertMellinIdentification.lean,Bettin-Conrey-Farmer (BCF) Log-Taper,Transform theory,1-3,✓ Lean-verified,Analytic transforms
BCFLogTaperRouteCLambertPeriod.lean,Bettin-Conrey-Farmer (BCF) Log-Taper,Theoretical foundation,1-3,✓ Lean-verified,General
BCFLogTaperRouteCLambertPhaseEvaluation.lean,Bettin-Conrey-Farmer (BCF) Log-Taper,Theoretical foundation,1-3,✓ Lean-verified,General
BCFLogTaperRouteCLipschitzReduction.lean,Bettin-Conrey-Farmer (BCF) Log-Taper,Theoretical foundation,1-3,✓ Lean-verified,General
BCFLogTaperRouteCLocalPeriodTransfer.lean,Bettin-Conrey-Farmer (BCF) Log-Taper,Proof connection,1-3,✓ Lean-verified,General
BCFLogTaperRouteCLowModeReduction.lean,Bettin-Conrey-Farmer (BCF) Log-Taper,Theoretical foundation,1-3,✓ Lean-verified,General
BCFLogTaperRouteCMeanAudit.lean,Bettin-Conrey-Farmer (BCF) Log-Taper,Verification/Checking,1-3,✓ Lean-verified,General
BCFLogTaperRouteCPeriodDescent.lean,Bettin-Conrey-Farmer (BCF) Log-Taper,Theoretical foundation,1-3,✓ Lean-verified,General
BCFLogTaperRouteCPeriodDiagonal.lean,Bettin-Conrey-Farmer (BCF) Log-Taper,Theoretical foundation,1-3,✓ Lean-verified,General
BCFLogTaperRouteCPeriodFinitePart.lean,Bettin-Conrey-Farmer (BCF) Log-Taper,Theoretical foundation,1-3,✓ Lean-verified,General
BCFLogTaperRouteCPeriodRealization.lean,Bettin-Conrey-Farmer (BCF) Log-Taper,Theoretical foundation,1-3,✓ Lean-verified,General
BCFLogTaperRouteCPhase4ClassicalTail.lean,Bettin-Conrey-Farmer (BCF) Log-Taper,Theoretical foundation,1-3,✓ Lean-verified,General
BCFLogTaperRouteCPhase4RootTail.lean,Bettin-Conrey-Farmer (BCF) Log-Taper,Theoretical foundation,1-3,✓ Lean-verified,General
BCFLogTaperRouteCPrimitiveTransfer.lean,Bettin-Conrey-Farmer (BCF) Log-Taper,Proof connection,1-3,✓ Lean-verified,General
BCFLogTaperRouteCPsiZero.lean,Bettin-Conrey-Farmer (BCF) Log-Taper,Theoretical foundation,1-3,✓ Lean-verified,Riemann ζ-function
BCFLogTaperRouteCPsiZeroContinuity.lean,Bettin-Conrey-Farmer (BCF) Log-Taper,Theoretical foundation,1-3,✓ Lean-verified,Riemann ζ-function
BCFLogTaperRouteCPsiZeroHolomorphic.lean,Bettin-Conrey-Farmer (BCF) Log-Taper,Theoretical foundation,1-3,✓ Lean-verified,Riemann ζ-function
BCFLogTaperRouteCPsiZeroLocalMajorant.lean,Bettin-Conrey-Farmer (BCF) Log-Taper,Theoretical foundation,1-3,✓ Lean-verified,Riemann ζ-function
BCFLogTaperRouteCPsiZeroVerticalMajorant.lean,Bettin-Conrey-Farmer (BCF) Log-Taper,Theoretical foundation,1-3,✓ Lean-verified,Riemann ζ-function
BCFLogTaperRouteCReciprocalContour.lean,Bettin-Conrey-Farmer (BCF) Log-Taper,Complex analysis,1-3,✓ Lean-verified,General
BCFLogTaperRouteCReciprocityPassage.lean,Bettin-Conrey-Farmer (BCF) Log-Taper,Theoretical foundation,1-3,✓ Lean-verified,General
BCFLogTaperRouteCRootAsymptotic.lean,Bettin-Conrey-Farmer (BCF) Log-Taper,Theoretical foundation,1-3,✓ Lean-verified,Asymptotics
BCFLogTaperRouteCRootAsymptoticExtraction.lean,Bettin-Conrey-Farmer (BCF) Log-Taper,Theoretical foundation,1-3,✓ Lean-verified,Asymptotics
BCFLogTaperRouteCSaddleCentralWindow.lean,Bettin-Conrey-Farmer (BCF) Log-Taper,Theoretical foundation,1-3,✓ Lean-verified,General
BCFLogTaperRouteCSaddleCoefficientFar.lean,Bettin-Conrey-Farmer (BCF) Log-Taper,Theoretical foundation,1-3,✓ Lean-verified,General
BCFLogTaperRouteCSaddleFarEntropy.lean,Bettin-Conrey-Farmer (BCF) Log-Taper,Theoretical foundation,1-3,✓ Lean-verified,General
BCFLogTaperRouteCSaddleFarGamma.lean,Bettin-Conrey-Farmer (BCF) Log-Taper,Theoretical foundation,1-3,✓ Lean-verified,General
BCFLogTaperRouteCSaddleFarLimit.lean,Bettin-Conrey-Farmer (BCF) Log-Taper,Theoretical foundation,1-3,✓ Lean-verified,General
BCFLogTaperRouteCSaddleFarOptimization.lean,Bettin-Conrey-Farmer (BCF) Log-Taper,Theoretical foundation,1-3,✓ Lean-verified,General
BCFLogTaperRouteCSaddleFixedAlpha.lean,Bettin-Conrey-Farmer (BCF) Log-Taper,Theoretical foundation,1-3,✓ Lean-verified,General
BCFLogTaperRouteCSaddleIntegrability.lean,Bettin-Conrey-Farmer (BCF) Log-Taper,Theoretical foundation,1-3,✓ Lean-verified,General
BCFLogTaperRouteCSaddleIntegral.lean,Bettin-Conrey-Farmer (BCF) Log-Taper,Theoretical foundation,1-3,✓ Lean-verified,General
BCFLogTaperRouteCSaddleNearLimit.lean,Bettin-Conrey-Farmer (BCF) Log-Taper,Theoretical foundation,1-3,✓ Lean-verified,General
BCFLogTaperRouteCSaddleNearPointwise.lean,Bettin-Conrey-Farmer (BCF) Log-Taper,Theoretical foundation,1-3,✓ Lean-verified,General
BCFLogTaperRouteCSaddleNearRescaling.lean,Bettin-Conrey-Farmer (BCF) Log-Taper,Theoretical foundation,1-3,✓ Lean-verified,General
BCFLogTaperRouteCSaddleRootAbsorption.lean,Bettin-Conrey-Farmer (BCF) Log-Taper,Theoretical foundation,1-3,✓ Lean-verified,General
BCFLogTaperRouteCSaddleWeightedFar.lean,Bettin-Conrey-Farmer (BCF) Log-Taper,Theoretical foundation,1-3,✓ Lean-verified,General
BCFLogTaperRouteCTaylorAnalytic.lean,Bettin-Conrey-Farmer (BCF) Log-Taper,Theoretical foundation,1-3,✓ Lean-verified,General
BCFLogTaperRouteCTaylorBaseCoefficient.lean,Bettin-Conrey-Farmer (BCF) Log-Taper,Theoretical foundation,1-3,✓ Lean-verified,General
BCFLogTaperRouteCTaylorCanonicalStrip.lean,Bettin-Conrey-Farmer (BCF) Log-Taper,Theoretical foundation,1-3,✓ Lean-verified,General
BCFLogTaperRouteCTaylorCoefficientCollection.lean,Bettin-Conrey-Farmer (BCF) Log-Taper,Theoretical foundation,1-3,✓ Lean-verified,General
BCFLogTaperRouteCTaylorCoefficientIdentification.lean,Bettin-Conrey-Farmer (BCF) Log-Taper,Theoretical foundation,1-3,✓ Lean-verified,General
BCFLogTaperRouteCTaylorCoefficientUniqueness.lean,Bettin-Conrey-Farmer (BCF) Log-Taper,Theoretical foundation,1-3,✓ Lean-verified,General
BCFLogTaperRouteCTaylorDerivativeBridge.lean,Bettin-Conrey-Farmer (BCF) Log-Taper,Proof connection,1-3,✓ Lean-verified,General
BCFLogTaperRouteCTaylorElementaryTransfer.lean,Bettin-Conrey-Farmer (BCF) Log-Taper,Proof connection,1-3,✓ Lean-verified,General
BCFLogTaperRouteCTaylorEvenRemovability.lean,Bettin-Conrey-Farmer (BCF) Log-Taper,Theoretical foundation,1-3,✓ Lean-verified,General
BCFLogTaperRouteCTaylorFEFactor.lean,Bettin-Conrey-Farmer (BCF) Log-Taper,Theoretical foundation,1-3,✓ Lean-verified,General
BCFLogTaperRouteCTaylorFinitePoleGeometry.lean,Bettin-Conrey-Farmer (BCF) Log-Taper,Theoretical foundation,1-3,✓ Lean-verified,General
BCFLogTaperRouteCTaylorFiniteRemainder.lean,Bettin-Conrey-Farmer (BCF) Log-Taper,Theoretical foundation,1-3,✓ Lean-verified,General
BCFLogTaperRouteCTaylorFiniteTransferSeries.lean,Bettin-Conrey-Farmer (BCF) Log-Taper,Proof connection,1-3,✓ Lean-verified,General
BCFLogTaperRouteCTaylorGeneralCoefficient.lean,Bettin-Conrey-Farmer (BCF) Log-Taper,Theoretical foundation,1-3,✓ Lean-verified,General
BCFLogTaperRouteCTaylorHorizontalDecay.lean,Bettin-Conrey-Farmer (BCF) Log-Taper,Theoretical foundation,1-3,✓ Lean-verified,General
BCFLogTaperRouteCTaylorHorizontalReflection.lean,Bettin-Conrey-Farmer (BCF) Log-Taper,Theoretical foundation,1-3,✓ Lean-verified,General
BCFLogTaperRouteCTaylorInfiniteRectangle.lean,Bettin-Conrey-Farmer (BCF) Log-Taper,Theoretical foundation,1-3,✓ Lean-verified,General
BCFLogTaperRouteCTaylorLineMajorant.lean,Bettin-Conrey-Farmer (BCF) Log-Taper,Theoretical foundation,1-3,✓ Lean-verified,General
BCFLogTaperRouteCTaylorLocalSubtraction.lean,Bettin-Conrey-Farmer (BCF) Log-Taper,Theoretical foundation,1-3,✓ Lean-verified,General
BCFLogTaperRouteCTaylorMultiResidueRectangle.lean,Bettin-Conrey-Farmer (BCF) Log-Taper,Theoretical foundation,1-3,✓ Lean-verified,General
BCFLogTaperRouteCTaylorRemainderOrder.lean,Bettin-Conrey-Farmer (BCF) Log-Taper,Theoretical foundation,1-3,✓ Lean-verified,General
BCFLogTaperRouteCTaylorResidues.lean,Bettin-Conrey-Farmer (BCF) Log-Taper,Theoretical foundation,1-3,✓ Lean-verified,General
BCFLogTaperRouteCTaylorThreeTermTransfer.lean,Bettin-Conrey-Farmer (BCF) Log-Taper,Proof connection,1-3,✓ Lean-verified,General
BCFLogTaperRouteCTaylorTransferredRemainder.lean,Bettin-Conrey-Farmer (BCF) Log-Taper,Proof connection,1-3,✓ Lean-verified,General
BCFLogTaperRouteCThreeTermDefect.lean,Bettin-Conrey-Farmer (BCF) Log-Taper,Theoretical foundation,1-3,✓ Lean-verified,General
BCFLogTaperRouteCTransformTail.lean,Bettin-Conrey-Farmer (BCF) Log-Taper,Theoretical foundation,1-3,✓ Lean-verified,General
BCFLogTaperRouteCUniformCentralWindow.lean,Bettin-Conrey-Farmer (BCF) Log-Taper,Theoretical foundation,1-3,✓ Lean-verified,General
BCFLogTaperSpectral.lean,Bettin-Conrey-Farmer (BCF) Log-Taper,Theoretical foundation,1-3,✓ Lean-verified,General
BCFLogTaperSpectralWP1ExactExpression.lean,Bettin-Conrey-Farmer (BCF) Log-Taper,Theoretical foundation,1-3,✓ Lean-verified,General
BCFLogTaperSpectralWP2ModeDecomposition.lean,Bettin-Conrey-Farmer (BCF) Log-Taper,Theoretical foundation,1-3,✓ Lean-verified,General
BCFLogTaperSpectralWP3HighModeTail.lean,Bettin-Conrey-Farmer (BCF) Log-Taper,Theoretical foundation,1-3,✓ Lean-verified,General
BCFLogTaperSpectralWP4LowModeAudit.lean,Bettin-Conrey-Farmer (BCF) Log-Taper,Verification/Checking,1-3,✓ Lean-verified,General
BCFLogTaperSpectralWP5CoefficientLocalization.lean,Bettin-Conrey-Farmer (BCF) Log-Taper,Theoretical foundation,1-3,✓ Lean-verified,General
BCFLogTaperSpectralWP6CaseA.lean,Bettin-Conrey-Farmer (BCF) Log-Taper,Theoretical foundation,1-3,✓ Lean-verified,General
BCFLogTaperSpectralWP6CaseB.lean,Bettin-Conrey-Farmer (BCF) Log-Taper,Theoretical foundation,1-3,✓ Lean-verified,General
BCFLogTaperSpectralWP6CaseC.lean,Bettin-Conrey-Farmer (BCF) Log-Taper,Theoretical foundation,1-3,✓ Lean-verified,General
BCFLogTaperSpectralWP6Integration.lean,Bettin-Conrey-Farmer (BCF) Log-Taper,Complex analysis,1-3,✓ Lean-verified,General
BCFLogTaperSpectralWP6SignedCancellation.lean,Bettin-Conrey-Farmer (BCF) Log-Taper,Theoretical foundation,1-3,✓ Lean-verified,General
BCFLogTaperSpectralWP7Assembly.lean,Bettin-Conrey-Farmer (BCF) Log-Taper,Theoretical foundation,1-3,✓ Lean-verified,General
BCFQuadraticTaper.lean,Supporting Theory,Theoretical foundation,1-3,✓ Lean-verified,General
BCFQuadraticTaperTransfer.lean,Supporting Theory,Proof connection,1-3,✓ Lean-verified,General
BaezDuarte.lean,Supporting Theory,Theoretical foundation,1-3,✓ Lean-verified,General
BaezDuarteTail.lean,Supporting Theory,Theoretical foundation,1-3,✓ Lean-verified,General
Basic.lean,Supporting Theory,Theoretical foundation,1-3,✓ Lean-verified,General
BridgeLemmas.lean,Supporting Theory,Proof connection,1-3,✓ Lean-verified,General
CanonicalProductFinite.lean,Supporting Theory,Theoretical foundation,1-3,✓ Lean-verified,General
ChiRhoBoundsN10.lean,Supporting Theory,Asymptotic bounds,1-3,✓ Lean-verified,Asymptotics
ChiRhoBoundsN20.lean,Supporting Theory,Asymptotic bounds,1-3,✓ Lean-verified,Asymptotics
ChiRhoBoundsN50.lean,Supporting Theory,Asymptotic bounds,1-3,✓ Lean-verified,Asymptotics
ChiRhoIntegralEvaluation.lean,Supporting Theory,Theoretical foundation,1-3,✓ Lean-verified,General
CoefficientFamilies.lean,Supporting Theory,Theoretical foundation,1-3,✓ Lean-verified,General
ConnesTrace.lean,Supporting Theory,Theoretical foundation,1-3,✓ Lean-verified,General
ContourShift.lean,Supporting Theory,Complex analysis,1-3,✓ Lean-verified,General
CotangentBoundsCore.lean,Trigonometric Bounds,Asymptotic bounds,1-3,✓ Lean-verified,Trigonometric functions
CotangentBoundsK10.lean,Trigonometric Bounds,Asymptotic bounds,1-3,✓ Lean-verified,Trigonometric functions
CotangentBoundsK10_Part1.lean,Trigonometric Bounds,Asymptotic bounds,1-3,✓ Lean-verified,Trigonometric functions
CotangentBoundsK10_Part2.lean,Trigonometric Bounds,Asymptotic bounds,1-3,✓ Lean-verified,Trigonometric functions
CotangentBoundsK10_Part3.lean,Trigonometric Bounds,Asymptotic bounds,1-3,✓ Lean-verified,Trigonometric functions
CotangentBoundsK11_12.lean,Trigonometric Bounds,Asymptotic bounds,1-3,✓ Lean-verified,Trigonometric functions
CotangentBoundsK13_15.lean,Trigonometric Bounds,Asymptotic bounds,1-3,✓ Lean-verified,Trigonometric functions
CotangentBoundsK16_18.lean,Trigonometric Bounds,Asymptotic bounds,1-3,✓ Lean-verified,Trigonometric functions
CotangentBoundsK19_20.lean,Trigonometric Bounds,Asymptotic bounds,1-3,✓ Lean-verified,Trigonometric functions
CotangentBoundsK21.lean,Trigonometric Bounds,Asymptotic bounds,1-3,✓ Lean-verified,Trigonometric functions
CotangentBoundsK22.lean,Trigonometric Bounds,Asymptotic bounds,1-3,✓ Lean-verified,Trigonometric functions
CotangentBoundsK23.lean,Trigonometric Bounds,Asymptotic bounds,1-3,✓ Lean-verified,Trigonometric functions
CotangentBoundsK24.lean,Trigonometric Bounds,Asymptotic bounds,1-3,✓ Lean-verified,Trigonometric functions
CotangentBoundsK25.lean,Trigonometric Bounds,Asymptotic bounds,1-3,✓ Lean-verified,Trigonometric functions
CotangentBoundsK26.lean,Trigonometric Bounds,Asymptotic bounds,1-3,✓ Lean-verified,Trigonometric functions
CotangentBoundsK27.lean,Trigonometric Bounds,Asymptotic bounds,1-3,✓ Lean-verified,Trigonometric functions
CotangentBoundsK28.lean,Trigonometric Bounds,Asymptotic bounds,1-3,✓ Lean-verified,Trigonometric functions
CotangentBoundsK29.lean,Trigonometric Bounds,Asymptotic bounds,1-3,✓ Lean-verified,Trigonometric functions
CotangentBoundsK30.lean,Trigonometric Bounds,Asymptotic bounds,1-3,✓ Lean-verified,Trigonometric functions
CotangentBoundsK31.lean,Trigonometric Bounds,Asymptotic bounds,1-3,✓ Lean-verified,Trigonometric functions
CotangentBoundsK32.lean,Trigonometric Bounds,Asymptotic bounds,1-3,✓ Lean-verified,Trigonometric functions
CotangentBoundsK33.lean,Trigonometric Bounds,Asymptotic bounds,1-3,✓ Lean-verified,Trigonometric functions
CotangentBoundsK34.lean,Trigonometric Bounds,Asymptotic bounds,1-3,✓ Lean-verified,Trigonometric functions
CotangentBoundsK35.lean,Trigonometric Bounds,Asymptotic bounds,1-3,✓ Lean-verified,Trigonometric functions
CotangentBoundsK36.lean,Trigonometric Bounds,Asymptotic bounds,1-3,✓ Lean-verified,Trigonometric functions
CotangentBoundsK37.lean,Trigonometric Bounds,Asymptotic bounds,1-3,✓ Lean-verified,Trigonometric functions
CotangentBoundsK38.lean,Trigonometric Bounds,Asymptotic bounds,1-3,✓ Lean-verified,Trigonometric functions
CotangentBoundsK39.lean,Trigonometric Bounds,Asymptotic bounds,1-3,✓ Lean-verified,Trigonometric functions
CotangentBoundsK40.lean,Trigonometric Bounds,Asymptotic bounds,1-3,✓ Lean-verified,Trigonometric functions
CotangentBoundsK41.lean,Trigonometric Bounds,Asymptotic bounds,1-3,✓ Lean-verified,Trigonometric functions
CotangentBoundsK42.lean,Trigonometric Bounds,Asymptotic bounds,1-3,✓ Lean-verified,Trigonometric functions
CotangentBoundsK43.lean,Trigonometric Bounds,Asymptotic bounds,1-3,✓ Lean-verified,Trigonometric functions
CotangentBoundsK44.lean,Trigonometric Bounds,Asymptotic bounds,1-3,✓ Lean-verified,Trigonometric functions
CotangentBoundsK45.lean,Trigonometric Bounds,Asymptotic bounds,1-3,✓ Lean-verified,Trigonometric functions
CotangentBoundsK46.lean,Trigonometric Bounds,Asymptotic bounds,1-3,✓ Lean-verified,Trigonometric functions
CotangentBoundsK47.lean,Trigonometric Bounds,Asymptotic bounds,1-3,✓ Lean-verified,Trigonometric functions
CotangentBoundsK48.lean,Trigonometric Bounds,Asymptotic bounds,1-3,✓ Lean-verified,Trigonometric functions
CotangentBoundsK49.lean,Trigonometric Bounds,Asymptotic bounds,1-3,✓ Lean-verified,Trigonometric functions
CotangentBoundsK50.lean,Trigonometric Bounds,Asymptotic bounds,1-3,✓ Lean-verified,Trigonometric functions
CriticalStrip.lean,Supporting Theory,Theoretical foundation,1-3,✓ Lean-verified,Riemann ζ-function
CutoffMobiusKernels.lean,Supporting Theory,Asymptotic bounds,1-3,✓ Lean-verified,Number theory
Definitions.lean,Supporting Theory,Theoretical foundation,1-3,✓ Lean-verified,General
DeletedDiskAssembly.lean,Supporting Theory,Theoretical foundation,1-3,✓ Lean-verified,General
EnergyResidueReduction.lean,Supporting Theory,Asymptotic bounds,1-3,✓ Lean-verified,Asymptotics
ExactCancellationTarget.lean,Supporting Theory,Theoretical foundation,1-3,✓ Lean-verified,General
FailedAttempts.lean,Supporting Theory,Theoretical foundation,1-3,✓ Lean-verified,General
FinalAnalyticAssembly.lean,Supporting Theory,Theoretical foundation,1-3,✓ Lean-verified,General
FinalAssembly.lean,Supporting Theory,Theoretical foundation,1-3,✓ Lean-verified,General
FiniteAxisSeparation.lean,Supporting Theory,Theoretical foundation,1-3,✓ Lean-verified,General
FiniteDeletedRectangle.lean,Supporting Theory,Theoretical foundation,1-3,✓ Lean-verified,General
FiniteDeletedRectangleAssembly.lean,Supporting Theory,Theoretical foundation,1-3,✓ Lean-verified,General
FiniteL2Expansion.lean,Supporting Theory,Theoretical foundation,1-3,✓ Lean-verified,General
G11Formula.lean,Supporting Theory,Theoretical foundation,1-3,✓ Lean-verified,General
G11IntegralEvaluation.lean,Supporting Theory,Theoretical foundation,1-3,✓ Lean-verified,General
Generated.lean,Supporting Theory,Theoretical foundation,1-3,✓ Lean-verified,General
GenusOneMajorantReduction.lean,Supporting Theory,Theoretical foundation,1-3,✓ Lean-verified,General
GenusOneProduct.lean,Supporting Theory,Theoretical foundation,1-3,✓ Lean-verified,General
GramMatrices.lean,Supporting Theory,Numerical computation,1-3,✓ Lean-verified,General
H14BorelJensen.lean,Supporting Theory,Theoretical foundation,1-3,✓ Lean-verified,General
H14DvpChain.lean,Supporting Theory,Theoretical foundation,1-3,✓ Lean-verified,General
H14FEFactorBound.lean,Supporting Theory,Theoretical foundation,1-3,✓ Lean-verified,General
H14FEFactorPL.lean,Supporting Theory,Theoretical foundation,1-3,✓ Lean-verified,General
H14WeakEffectivePerron.lean,Supporting Theory,Theoretical foundation,1-3,✓ Lean-verified,General
H14ZeroFree.lean,Supporting Theory,Theoretical foundation,1-3,✓ Lean-verified,Riemann ζ-function
H14ZetaEM.lean,Zeta Function Theory,Theoretical foundation,1-3,✓ Lean-verified,Riemann ζ-function
H14ZetaFETransport.lean,Zeta Function Theory,Theoretical foundation,1-3,✓ Lean-verified,Riemann ζ-function
H15AveragedReciprocalPhase.lean,H15: Core Aggregate Estimate,Theoretical foundation,1-3,✓ Lean-verified,General
H15BBLSMainTerm.lean,H15: Core Aggregate Estimate,Theoretical foundation,1-3,✓ Lean-verified,General
H15CenteredAggregateEstimate.lean,H15: Core Aggregate Estimate,Theoretical foundation,1-3,✓ Lean-verified,General
H15CofinalEnergyTransfer.lean,H15: Core Aggregate Estimate,Asymptotic bounds,1-3,✓ Lean-verified,Asymptotics
H15ForwardSpine.lean,H15: Core Aggregate Estimate,Theoretical foundation,1-3,✓ Lean-verified,General
H15FractionalTail.lean,H15: Core Aggregate Estimate,Theoretical foundation,1-3,✓ Lean-verified,General
H15IntegratedCancellation.lean,H15: Core Aggregate Estimate,Theoretical foundation,1-3,✓ Lean-verified,General
H15MellinEnergy.lean,H15: Core Aggregate Estimate,Asymptotic bounds,1-3,✓ Lean-verified,Analytic transforms
H15MobiusCorrelationOpenProblem.lean,H15: Core Aggregate Estimate,Theoretical foundation,1-3,✓ Lean-verified,Number theory
H15MobiusSawtoothReduction.lean,H15: Core Aggregate Estimate,Theoretical foundation,1-3,✓ Lean-verified,Number theory
H15ResidueComponentBound.lean,H15: Core Aggregate Estimate,Theoretical foundation,1-3,✓ Lean-verified,General
H15RhoBDBaseDischarge.lean,H15: Core Aggregate Estimate,Theoretical foundation,1-3,✓ Lean-verified,General
H15RhoBDBaseIntegral.lean,H15: Core Aggregate Estimate,Theoretical foundation,1-3,✓ Lean-verified,General
H15RhoBDMellin.lean,H15: Core Aggregate Estimate,Transform theory,1-3,✓ Lean-verified,Analytic transforms
H15SawtoothAnalyticInterfaces.lean,H15: Core Aggregate Estimate,Theoretical foundation,1-3,✓ Lean-verified,General
H15SmoothComponentBound.lean,H15: Core Aggregate Estimate,Theoretical foundation,1-3,✓ Lean-verified,General
H15StructuredCorrelationEstimate.lean,H15: Core Aggregate Estimate,Theoretical foundation,1-3,✓ Lean-verified,General
H15_RouteA.lean,H15: Core Aggregate Estimate,Theoretical foundation,1-3,✓ Lean-verified,General
HadamardEndpoint.lean,Supporting Theory,Theoretical foundation,1-3,✓ Lean-verified,General
HadamardPreparation.lean,Supporting Theory,Theoretical foundation,1-3,✓ Lean-verified,General
HadamardTarget.lean,Supporting Theory,Theoretical foundation,1-3,✓ Lean-verified,General
HeightTruncationProduct.lean,Supporting Theory,Theoretical foundation,1-3,✓ Lean-verified,General
Hypotheses.lean,Supporting Theory,Theoretical foundation,1-3,✓ Lean-verified,General
IntervalCertificate.lean,Supporting Theory,Theoretical foundation,1-3,✓ Lean-verified,General
Lemma2Assembly.lean,Supporting Theory,Theoretical foundation,1-3,✓ Lean-verified,General
Lemma3Finite.lean,Supporting Theory,Theoretical foundation,1-3,✓ Lean-verified,General
Lemma3LimitAssembly.lean,Supporting Theory,Theoretical foundation,1-3,✓ Lean-verified,General
Li.lean,Supporting Theory,Theoretical foundation,1-3,✓ Lean-verified,General
LogPullback.lean,Supporting Theory,Theoretical foundation,1-3,✓ Lean-verified,General
MellinCriticalLine.lean,Supporting Theory,Transform theory,1-3,✓ Lean-verified,Riemann ζ-function
MellinEvaluation.lean,Supporting Theory,Transform theory,1-3,✓ Lean-verified,Analytic transforms
MellinPlancherel.lean,Supporting Theory,Transform theory,1-3,✓ Lean-verified,Analytic transforms
MellinTransform.lean,Supporting Theory,Transform theory,1-3,✓ Lean-verified,Analytic transforms
MobiusSummatory.lean,Möbius Summation,Theoretical foundation,1-3,✓ Lean-verified,Number theory
MobiusSummatoryClassical.lean,Möbius Summation,Theoretical foundation,1-3,✓ Lean-verified,Number theory
MultiplicityZeroCounting.lean,Supporting Theory,Theoretical foundation,1-3,✓ Lean-verified,Riemann ζ-function
NB2ApproximationAlgebra.lean,Nyman-Beurling: L² Completeness,Theoretical foundation,1-3,✓ Lean-verified,General
NB2BaseMellin.lean,Nyman-Beurling: L² Completeness,Transform theory,1-3,✓ Lean-verified,Analytic transforms
NB2Mellin.lean,Nyman-Beurling: L² Completeness,Transform theory,1-3,✓ Lean-verified,Analytic transforms
NB3MellinContinuity.lean,Nyman-Beurling: L² Completeness,Transform theory,1-3,✓ Lean-verified,Analytic transforms
NB4ZeroDetection.lean,Nyman-Beurling: L² Completeness,Theoretical foundation,1-3,✓ Lean-verified,Riemann ζ-function
NB5FunctionalEquationClosure.lean,Nyman-Beurling: L² Completeness,Theoretical foundation,1-3,✓ Lean-verified,General
NBChiMellin.lean,Nyman-Beurling: L² Completeness,Transform theory,1-3,✓ Lean-verified,Analytic transforms
NBMellinTools.lean,Nyman-Beurling: L² Completeness,Transform theory,1-3,✓ Lean-verified,Analytic transforms
NymanBeurlingCertificate.lean,Nyman-Beurling: L² Completeness,Theoretical foundation,1-3,✓ Lean-verified,General
NymanBeurlingForward.lean,Nyman-Beurling: L² Completeness,Theoretical foundation,1-3,✓ Lean-verified,General
NymanBeurlingMellinContinuity.lean,Nyman-Beurling: L² Completeness,Transform theory,1-3,✓ Lean-verified,Analytic transforms
NymanBeurlingRHBridgeDischarge.lean,Nyman-Beurling: L² Completeness,Proof connection,1-3,✓ Lean-verified,General
NymanBeurlingZeroDetection.lean,Nyman-Beurling: L² Completeness,Theoretical foundation,1-3,✓ Lean-verified,Riemann ζ-function
NymanGramN1.lean,Nyman-Beurling: L² Completeness,Numerical computation,1-3,✓ Lean-verified,General
NymanGramN10.lean,Nyman-Beurling: L² Completeness,Numerical computation,1-3,✓ Lean-verified,General
NymanGramN2.lean,Nyman-Beurling: L² Completeness,Numerical computation,1-3,✓ Lean-verified,General
NymanGramN20.lean,Nyman-Beurling: L² Completeness,Numerical computation,1-3,✓ Lean-verified,General
NymanGramN3.lean,Nyman-Beurling: L² Completeness,Numerical computation,1-3,✓ Lean-verified,General
NymanGramN5.lean,Nyman-Beurling: L² Completeness,Numerical computation,1-3,✓ Lean-verified,General
NymanGramN50.lean,Nyman-Beurling: L² Completeness,Numerical computation,1-3,✓ Lean-verified,General
NymanGramN50_EntriesPart1.lean,Nyman-Beurling: L² Completeness,Numerical computation,1-3,✓ Lean-verified,General
NymanGramN50_EntriesPart2.lean,Nyman-Beurling: L² Completeness,Numerical computation,1-3,✓ Lean-verified,General
NymanGramN50_EntriesPart3.lean,Nyman-Beurling: L² Completeness,Numerical computation,1-3,✓ Lean-verified,General
NymanGramN50_EntriesPart4.lean,Nyman-Beurling: L² Completeness,Numerical computation,1-3,✓ Lean-verified,General
NymanGramN50_EntriesPart5.lean,Nyman-Beurling: L² Completeness,Numerical computation,1-3,✓ Lean-verified,General
NymanGramN50_Matrix.lean,Nyman-Beurling: L² Completeness,Numerical computation,1-3,✓ Lean-verified,General
NymanGramN50_Tail.lean,Nyman-Beurling: L² Completeness,Numerical computation,1-3,✓ Lean-verified,General
NymanGramN50_ToyGramCertified.lean,Nyman-Beurling: L² Completeness,Numerical computation,1-3,✓ Lean-verified,General
OuterBoundary.lean,Supporting Theory,Theoretical foundation,1-3,✓ Lean-verified,General
Perron.lean,Supporting Theory,Theoretical foundation,1-3,✓ Lean-verified,General
Phase10J_AxiomAudit.lean,Supporting Theory,Verification/Checking,1-3,✓ Lean-verified,General
Phase15ModeSpectrum.lean,Supporting Theory,Theoretical foundation,1-3,✓ Lean-verified,General
QuadraticInteraction.lean,Supporting Theory,Theoretical foundation,1-3,✓ Lean-verified,General
RHBridge.lean,Supporting Theory,Proof connection,1-3,✓ Lean-verified,General
RationalPSD.lean,Supporting Theory,Theoretical foundation,1-3,✓ Lean-verified,General
RectangleDiskHomotopy.lean,Supporting Theory,Theoretical foundation,1-3,✓ Lean-verified,General
Spectral.lean,Supporting Theory,Theoretical foundation,1-3,✓ Lean-verified,General
SpectralCertificate.lean,Supporting Theory,Theoretical foundation,1-3,✓ Lean-verified,General
StrategyMap.lean,Supporting Theory,Theoretical foundation,1-3,✓ Lean-verified,General
TailBounds.lean,Supporting Theory,Asymptotic bounds,1-3,✓ Lean-verified,Asymptotics
TranscendentalBounds.lean,Supporting Theory,Asymptotic bounds,1-3,✓ Lean-verified,Asymptotics
TranscendentalBoundsGenerated.lean,Supporting Theory,Asymptotic bounds,1-3,✓ Lean-verified,Asymptotics
TrigIntervalDemo.lean,Trigonometric Bounds,Theoretical foundation,1-3,✓ Lean-verified,Trigonometric functions
TrigIntervalSweep.lean,Trigonometric Bounds,Theoretical foundation,1-3,✓ Lean-verified,Trigonometric functions
VasyuninBridge.lean,Vasyunin: Explicit Formula Route,Proof connection,1-3,✓ Lean-verified,General
VasyuninCotangentRecognition.lean,Vasyunin: Explicit Formula Route,Theoretical foundation,1-3,✓ Lean-verified,Trigonometric functions
VasyuninExplicitFormula.lean,Vasyunin: Explicit Formula Route,Theoretical foundation,1-3,✓ Lean-verified,General
VasyuninGram.lean,Vasyunin: Explicit Formula Route,Numerical computation,1-3,✓ Lean-verified,General
VasyuninIntervalsN1.lean,Vasyunin: Explicit Formula Route,Theoretical foundation,1-3,✓ Lean-verified,General
VasyuninIntervalsN10.lean,Vasyunin: Explicit Formula Route,Theoretical foundation,1-3,✓ Lean-verified,General
VasyuninIntervalsN2.lean,Vasyunin: Explicit Formula Route,Theoretical foundation,1-3,✓ Lean-verified,General
VasyuninIntervalsN20.lean,Vasyunin: Explicit Formula Route,Theoretical foundation,1-3,✓ Lean-verified,General
VasyuninIntervalsN3.lean,Vasyunin: Explicit Formula Route,Theoretical foundation,1-3,✓ Lean-verified,General
VasyuninIntervalsN5.lean,Vasyunin: Explicit Formula Route,Theoretical foundation,1-3,✓ Lean-verified,General
VasyuninIntervalsN50.lean,Vasyunin: Explicit Formula Route,Theoretical foundation,1-3,✓ Lean-verified,General
VasyuninIntervalsN50_Part1.lean,Vasyunin: Explicit Formula Route,Theoretical foundation,1-3,✓ Lean-verified,General
VasyuninIntervalsN50_Part10.lean,Vasyunin: Explicit Formula Route,Theoretical foundation,1-3,✓ Lean-verified,General
VasyuninIntervalsN50_Part11.lean,Vasyunin: Explicit Formula Route,Theoretical foundation,1-3,✓ Lean-verified,General
VasyuninIntervalsN50_Part2.lean,Vasyunin: Explicit Formula Route,Theoretical foundation,1-3,✓ Lean-verified,General
VasyuninIntervalsN50_Part3.lean,Vasyunin: Explicit Formula Route,Theoretical foundation,1-3,✓ Lean-verified,General
VasyuninIntervalsN50_Part4.lean,Vasyunin: Explicit Formula Route,Theoretical foundation,1-3,✓ Lean-verified,General
VasyuninIntervalsN50_Part5.lean,Vasyunin: Explicit Formula Route,Theoretical foundation,1-3,✓ Lean-verified,General
VasyuninIntervalsN50_Part6.lean,Vasyunin: Explicit Formula Route,Theoretical foundation,1-3,✓ Lean-verified,General
VasyuninIntervalsN50_Part7.lean,Vasyunin: Explicit Formula Route,Theoretical foundation,1-3,✓ Lean-verified,General
VasyuninIntervalsN50_Part8.lean,Vasyunin: Explicit Formula Route,Theoretical foundation,1-3,✓ Lean-verified,General
VasyuninIntervalsN50_Part9.lean,Vasyunin: Explicit Formula Route,Theoretical foundation,1-3,✓ Lean-verified,General
VasyuninPeriodReduction.lean,Vasyunin: Explicit Formula Route,Theoretical foundation,1-3,✓ Lean-verified,General
VasyuninPrimitiveBounds.lean,Vasyunin: Explicit Formula Route,Asymptotic bounds,1-3,✓ Lean-verified,Asymptotics
VasyuninPrimitiveBoundsCore.lean,Vasyunin: Explicit Formula Route,Asymptotic bounds,1-3,✓ Lean-verified,Asymptotics
VasyuninPrimitiveBoundsGenerated.lean,Vasyunin: Explicit Formula Route,Asymptotic bounds,1-3,✓ Lean-verified,Asymptotics
VasyuninPrimitiveBoundsK10.lean,Vasyunin: Explicit Formula Route,Asymptotic bounds,1-3,✓ Lean-verified,Asymptotics
VasyuninPrimitiveBoundsK20.lean,Vasyunin: Explicit Formula Route,Asymptotic bounds,1-3,✓ Lean-verified,Asymptotics
VasyuninPrimitiveBoundsK30.lean,Vasyunin: Explicit Formula Route,Asymptotic bounds,1-3,✓ Lean-verified,Asymptotics
VasyuninPrimitiveBoundsK40.lean,Vasyunin: Explicit Formula Route,Asymptotic bounds,1-3,✓ Lean-verified,Asymptotics
VasyuninPrimitiveBoundsK40_Part1.lean,Vasyunin: Explicit Formula Route,Asymptotic bounds,1-3,✓ Lean-verified,Asymptotics
VasyuninPrimitiveBoundsK40_Part2.lean,Vasyunin: Explicit Formula Route,Asymptotic bounds,1-3,✓ Lean-verified,Asymptotics
VasyuninPrimitiveBoundsK40_Part3.lean,Vasyunin: Explicit Formula Route,Asymptotic bounds,1-3,✓ Lean-verified,Asymptotics
VasyuninPrimitiveBoundsK40_Part4.lean,Vasyunin: Explicit Formula Route,Asymptotic bounds,1-3,✓ Lean-verified,Asymptotics
VasyuninPrimitiveBoundsK40_Part5.lean,Vasyunin: Explicit Formula Route,Asymptotic bounds,1-3,✓ Lean-verified,Asymptotics
VasyuninPrimitiveBoundsK40_Part6.lean,Vasyunin: Explicit Formula Route,Asymptotic bounds,1-3,✓ Lean-verified,Asymptotics
VasyuninPrimitiveBoundsK40_Part7.lean,Vasyunin: Explicit Formula Route,Asymptotic bounds,1-3,✓ Lean-verified,Asymptotics
VasyuninPrimitiveBoundsK40_Part8.lean,Vasyunin: Explicit Formula Route,Asymptotic bounds,1-3,✓ Lean-verified,Asymptotics
VasyuninPrimitiveBoundsK40_Part9.lean,Vasyunin: Explicit Formula Route,Asymptotic bounds,1-3,✓ Lean-verified,Asymptotics
VasyuninPrimitiveBoundsK50.lean,Vasyunin: Explicit Formula Route,Asymptotic bounds,1-3,✓ Lean-verified,Asymptotics
VasyuninPrimitiveBoundsK50_Part1.lean,Vasyunin: Explicit Formula Route,Asymptotic bounds,1-3,✓ Lean-verified,Asymptotics
VasyuninPrimitiveBoundsK50_Part10.lean,Vasyunin: Explicit Formula Route,Asymptotic bounds,1-3,✓ Lean-verified,Asymptotics
VasyuninPrimitiveBoundsK50_Part11.lean,Vasyunin: Explicit Formula Route,Asymptotic bounds,1-3,✓ Lean-verified,Asymptotics
VasyuninPrimitiveBoundsK50_Part12.lean,Vasyunin: Explicit Formula Route,Asymptotic bounds,1-3,✓ Lean-verified,Asymptotics
VasyuninPrimitiveBoundsK50_Part13.lean,Vasyunin: Explicit Formula Route,Asymptotic bounds,1-3,✓ Lean-verified,Asymptotics
VasyuninPrimitiveBoundsK50_Part14.lean,Vasyunin: Explicit Formula Route,Asymptotic bounds,1-3,✓ Lean-verified,Asymptotics
VasyuninPrimitiveBoundsK50_Part2.lean,Vasyunin: Explicit Formula Route,Asymptotic bounds,1-3,✓ Lean-verified,Asymptotics
VasyuninPrimitiveBoundsK50_Part3.lean,Vasyunin: Explicit Formula Route,Asymptotic bounds,1-3,✓ Lean-verified,Asymptotics
VasyuninPrimitiveBoundsK50_Part4.lean,Vasyunin: Explicit Formula Route,Asymptotic bounds,1-3,✓ Lean-verified,Asymptotics
VasyuninPrimitiveBoundsK50_Part5.lean,Vasyunin: Explicit Formula Route,Asymptotic bounds,1-3,✓ Lean-verified,Asymptotics
VasyuninPrimitiveBoundsK50_Part6.lean,Vasyunin: Explicit Formula Route,Asymptotic bounds,1-3,✓ Lean-verified,Asymptotics
VasyuninPrimitiveBoundsK50_Part7.lean,Vasyunin: Explicit Formula Route,Asymptotic bounds,1-3,✓ Lean-verified,Asymptotics
VasyuninPrimitiveBoundsK50_Part8.lean,Vasyunin: Explicit Formula Route,Asymptotic bounds,1-3,✓ Lean-verified,Asymptotics
VasyuninPrimitiveBoundsK50_Part9.lean,Vasyunin: Explicit Formula Route,Asymptotic bounds,1-3,✓ Lean-verified,Asymptotics
WeilKernelCertificate.lean,Supporting Theory,Asymptotic bounds,1-3,✓ Lean-verified,Analytic transforms
WeilPositivity.lean,Supporting Theory,Theoretical foundation,1-3,✓ Lean-verified,General
XiSpecialValue.lean,Supporting Theory,Theoretical foundation,1-3,✓ Lean-verified,General
ZeroWeightFormula.lean,Supporting Theory,Theoretical foundation,1-3,✓ Lean-verified,Riemann ζ-function
Zeta.lean,Zeta Function Theory,Theoretical foundation,1-3,✓ Lean-verified,Riemann ζ-function
